DepDelay,Month,DayofMonth,DayOfWeek,CRSDepTime,CRSArrTime,Distance
8.0,10.0,11.0,7.0,1300.0,1535.0,2556.0
-3.0,10.0,10.0,6.0,2035.0,2110.0,100.0
6.0,10.0,26.0,1.0,1200.0,1446.0,2475.0
1.0,10.0,9.0,5.0,1145.0,1512.0,2586.0
0.0,10.0,16.0,5.0,930.0,1149.0,2399.0
1.0,10.0,11.0,7.0,1834.0,1914.0,868.0
2.0,10.0,8.0,4.0,1535.0,2339.0,2556.0
-2.0,10.0,30.0,5.0,1635.0,2339.0,2556.0
6.0,10.0,11.0,7.0,1844.0,2120.0,1846.0
0.0,10.0,14.0,3.0,830.0,1119.0,2454.0
1.0,10.0,7.0,3.0,2140.0,2358.0,1846.0
1.0,10.0,21.0,3.0,710.0,953.0,723.0
2.0,10.0,9.0,5.0,1259.0,1556.0,732.0
2.0,10.0,25.0,7.0,1603.0,1711.0,1235.0
28.0,10.0,19.0,1.0,2055.0,2311.0,1745.0
0.0,10.0,23.0,5.0,1731.0,1945.0,316.0
0.0,10.0,3.0,6.0,1134.0,1651.0,1440.0
-2.0,10.0,5.0,1.0,1134.0,1651.0,1440.0
3.0,10.0,17.0,6.0,650.0,902.0,235.0
7.0,10.0,22.0,4.0,650.0,902.0,235.0
0.0,10.0,20.0,2.0,1615.0,1659.0,100.0
1.0,10.0,30.0,5.0,828.0,1233.0,1388.0
-2.0,10.0,18.0,7.0,910.0,1200.0,1388.0
0.0,10.0,9.0,5.0,1601.0,1638.0,552.0
0.0,10.0,8.0,4.0,927.0,919.0,137.0
4.0,10.0,5.0,1.0,748.0,807.0,316.0
-1.0,10.0,25.0,7.0,748.0,807.0,316.0
-1.0,10.0,20.0,2.0,1853.0,2104.0,1216.0
1.0,10.0,9.0,5.0,2059.0,2107.0,240.0
-1.0,10.0,11.0,7.0,2120.0,2218.0,1205.0
-1.0,10.0,25.0,7.0,1137.0,1233.0,238.0
3.0,10.0,30.0,5.0,953.0,1243.0,678.0
6.0,10.0,26.0,1.0,1600.0,1703.0,282.0
4.0,10.0,29.0,4.0,2245.0,714.0,2611.0
2.0,10.0,24.0,6.0,1410.0,1500.0,177.0
1.0,10.0,16.0,5.0,819.0,855.0,106.0
4.0,10.0,24.0,6.0,934.0,1137.0,802.0
-1.0,10.0,31.0,6.0,934.0,1137.0,802.0
0.0,10.0,4.0,7.0,745.0,852.0,247.0
-1.0,10.0,25.0,7.0,745.0,852.0,247.0
3.0,10.0,4.0,7.0,1300.0,1551.0,733.0
16.0,10.0,7.0,3.0,1723.0,2156.0,1561.0
1.0,10.0,6.0,2.0,2145.0,2334.0,1440.0
-2.0,10.0,4.0,7.0,759.0,812.0,296.0
1.0,10.0,21.0,3.0,1831.0,1927.0,569.0
-1.0,10.0,14.0,3.0,726.0,801.0,110.0
24.0,10.0,11.0,7.0,1430.0,1706.0,2556.0
4.0,10.0,27.0,2.0,2001.0,10.0,1372.0
0.0,10.0,28.0,3.0,738.0,819.0,156.0
-1.0,10.0,5.0,1.0,1400.0,1658.0,733.0
2.0,10.0,28.0,3.0,1400.0,1658.0,733.0
0.0,10.0,23.0,5.0,1210.0,1701.0,1235.0
2.0,10.0,17.0,6.0,1725.0,1750.0,316.0
-1.0,10.0,27.0,2.0,1932.0,2056.0,461.0
0.0,10.0,14.0,3.0,655.0,739.0,67.0
-1.0,10.0,10.0,6.0,1.0,556.0,1846.0
14.0,10.0,22.0,4.0,1313.0,1910.0,1745.0
0.0,10.0,5.0,1.0,806.0,844.0,113.0
-2.0,10.0,6.0,2.0,733.0,849.0,329.0
-1.0,10.0,18.0,7.0,823.0,1000.0,1465.0
1.0,10.0,28.0,3.0,2010.0,2235.0,412.0
3.0,10.0,8.0,4.0,1746.0,1756.0,235.0
1.0,10.0,14.0,3.0,1745.0,2230.0,1171.0
-2.0,10.0,5.0,1.0,700.0,730.0,75.0
0.0,10.0,20.0,2.0,1723.0,1913.0,550.0
1.0,10.0,3.0,6.0,1827.0,1942.0,1189.0
1.0,10.0,11.0,7.0,1649.0,1743.0,175.0
0.0,10.0,15.0,4.0,2058.0,2146.0,153.0
3.0,10.0,10.0,6.0,1825.0,1923.0,237.0
1.0,10.0,18.0,7.0,1300.0,1910.0,1846.0
1.0,10.0,1.0,4.0,1603.0,1657.0,183.0
3.0,10.0,4.0,7.0,939.0,1045.0,1235.0
25.0,10.0,2.0,5.0,1130.0,1359.0,1846.0
2.0,10.0,26.0,1.0,1557.0,1839.0,589.0
0.0,10.0,5.0,1.0,2003.0,2124.0,431.0
12.0,10.0,21.0,3.0,840.0,1102.0,1739.0
0.0,10.0,13.0,2.0,1445.0,1716.0,1781.0
6.0,10.0,12.0,1.0,2115.0,2353.0,1388.0
2.0,10.0,13.0,2.0,1427.0,1912.0,1171.0
-1.0,10.0,4.0,7.0,122.0,600.0,1189.0
-10.0,10.0,21.0,3.0,40.0,115.0,75.0
2.0,10.0,1.0,4.0,333.0,558.0,552.0
0.0,10.0,3.0,6.0,333.0,558.0,552.0
-2.0,10.0,31.0,6.0,1800.0,1927.0,403.0
2.0,10.0,23.0,5.0,2005.0,2251.0,612.0
3.0,10.0,14.0,3.0,1559.0,1811.0,802.0
0.0,10.0,1.0,4.0,1359.0,1405.0,235.0
-1.0,10.0,22.0,4.0,819.0,855.0,131.0
1.0,10.0,29.0,4.0,1251.0,1352.0,282.0
3.0,10.0,5.0,1.0,1105.0,1243.0,588.0
3.0,10.0,7.0,3.0,1723.0,2131.0,1388.0
3.0,10.0,29.0,4.0,1723.0,2131.0,1388.0
2.0,10.0,9.0,5.0,911.0,1013.0,732.0
-1.0,10.0,21.0,3.0,1412.0,1647.0,1041.0
0.0,10.0,26.0,1.0,948.0,1050.0,621.0
-1.0,10.0,20.0,2.0,715.0,804.0,528.0
0.0,10.0,5.0,1.0,1425.0,1530.0,647.0
1.0,10.0,21.0,3.0,1832.0,1944.0,282.0
8.0,10.0,22.0,4.0,740.0,1156.0,868.0
1.0,10.0,16.0,5.0,1120.0,1344.0,1700.0
0.0,10.0,26.0,1.0,1001.0,1050.0,528.0
3.0,10.0,28.0,3.0,715.0,810.0,594.0
4.0,10.0,7.0,3.0,1455.0,1634.0,1440.0
0.0,10.0,10.0,6.0,1819.0,1922.0,259.0
-1.0,10.0,8.0,4.0,1534.0,1628.0,175.0
44.0,10.0,7.0,3.0,845.0,1036.0,585.0
-2.0,10.0,4.0,7.0,1255.0,1629.0,1102.0
1.0,10.0,14.0,3.0,1730.0,1806.0,103.0
25.0,10.0,15.0,4.0,1108.0,1218.0,1235.0
-2.0,10.0,6.0,2.0,2100.0,2222.0,733.0
0.0,10.0,10.0,6.0,950.0,1052.0,589.0
0.0,10.0,27.0,2.0,2113.0,2107.0,157.0
2.0,10.0,13.0,2.0,2140.0,2256.0,334.0
0.0,10.0,4.0,7.0,1253.0,1434.0,550.0
0.0,10.0,8.0,4.0,648.0,851.0,1067.0
0.0,10.0,11.0,7.0,1519.0,1632.0,329.0
3.0,10.0,28.0,3.0,1840.0,2023.0,983.0
0.0,10.0,16.0,5.0,742.0,906.0,764.0
0.0,10.0,1.0,4.0,1416.0,1929.0,1437.0
0.0,10.0,25.0,7.0,754.0,1019.0,852.0
-1.0,10.0,8.0,4.0,1415.0,1536.0,385.0
-1.0,10.0,23.0,5.0,1415.0,1536.0,385.0
0.0,10.0,27.0,2.0,936.0,1051.0,1205.0
0.0,10.0,27.0,2.0,655.0,958.0,849.0
0.0,10.0,21.0,3.0,2010.0,2222.0,240.0
0.0,10.0,8.0,4.0,1415.0,1521.0,200.0
68.0,10.0,5.0,1.0,1603.0,1738.0,431.0
0.0,10.0,13.0,2.0,705.0,854.0,583.0
-1.0,10.0,18.0,7.0,1830.0,2100.0,457.0
-1.0,10.0,8.0,4.0,1330.0,1925.0,1836.0
7.0,10.0,21.0,3.0,1445.0,1702.0,1721.0
68.0,10.0,1.0,4.0,2005.0,2220.0,296.0
1.0,10.0,6.0,2.0,702.0,1243.0,1721.0
8.0,10.0,18.0,7.0,1445.0,1523.0,67.0
9.0,10.0,9.0,5.0,1315.0,1542.0,443.0
1.0,10.0,18.0,7.0,1344.0,1903.0,1457.0
20.0,10.0,9.0,5.0,1814.0,1935.0,719.0
3.0,10.0,11.0,7.0,1614.0,1912.0,645.0
1.0,10.0,19.0,1.0,645.0,740.0,177.0
7.0,10.0,1.0,4.0,1500.0,1756.0,733.0
0.0,10.0,13.0,2.0,2003.0,2138.0,597.0
0.0,10.0,26.0,1.0,2003.0,2138.0,597.0
1.0,10.0,19.0,1.0,932.0,1026.0,1171.0
-1.0,10.0,25.0,7.0,645.0,1200.0,1431.0
5.0,10.0,17.0,6.0,1336.0,1921.0,1721.0
-1.0,10.0,9.0,5.0,1110.0,1348.0,593.0
5.0,10.0,10.0,6.0,712.0,1014.0,1470.0
0.0,10.0,24.0,6.0,1059.0,1149.0,569.0
1.0,10.0,11.0,7.0,1905.0,2044.0,867.0
1.0,10.0,5.0,1.0,1557.0,1653.0,157.0
35.0,10.0,15.0,4.0,914.0,1048.0,849.0
0.0,10.0,29.0,4.0,707.0,800.0,200.0
2.0,10.0,5.0,1.0,1600.0,1902.0,733.0
10.0,10.0,16.0,5.0,1600.0,1902.0,733.0
-1.0,10.0,10.0,6.0,1015.0,1113.0,647.0
2.0,10.0,25.0,7.0,1015.0,1113.0,647.0
-1.0,10.0,30.0,5.0,1704.0,1756.0,528.0
3.0,10.0,17.0,6.0,1320.0,1601.0,607.0
1.0,10.0,31.0,6.0,1527.0,1630.0,247.0
0.0,10.0,13.0,2.0,1633.0,1908.0,552.0
4.0,10.0,16.0,5.0,1442.0,1621.0,550.0
1.0,10.0,22.0,4.0,850.0,1128.0,1830.0
-1.0,10.0,9.0,5.0,650.0,912.0,473.0
80.0,10.0,15.0,4.0,2001.0,2101.0,183.0
0.0,10.0,21.0,3.0,1013.0,1045.0,108.0
21.0,10.0,10.0,6.0,1956.0,2259.0,731.0
-1.0,10.0,7.0,3.0,1640.0,1801.0,719.0
2.0,10.0,14.0,3.0,1640.0,1801.0,719.0
0.0,10.0,28.0,3.0,2140.0,2344.0,693.0
-2.0,10.0,27.0,2.0,715.0,836.0,404.0
9.0,10.0,10.0,6.0,906.0,1354.0,1205.0
15.0,10.0,2.0,5.0,1045.0,1051.0,240.0
0.0,10.0,14.0,3.0,1045.0,1051.0,240.0
0.0,10.0,19.0,1.0,1045.0,1051.0,240.0
0.0,10.0,30.0,5.0,2245.0,537.0,2399.0
1.0,10.0,18.0,7.0,1555.0,1709.0,354.0
2.0,10.0,19.0,1.0,1554.0,1823.0,473.0
4.0,10.0,21.0,3.0,1103.0,1222.0,1205.0
3.0,10.0,6.0,2.0,1635.0,1749.0,303.0
5.0,10.0,15.0,4.0,1315.0,1605.0,678.0
3.0,10.0,9.0,5.0,1826.0,1919.0,175.0
-1.0,10.0,13.0,2.0,2148.0,2226.0,156.0
0.0,10.0,24.0,6.0,1835.0,2012.0,409.0
0.0,10.0,29.0,4.0,2140.0,2217.0,67.0
3.0,10.0,24.0,6.0,933.0,1030.0,237.0
0.0,10.0,22.0,4.0,1058.0,1238.0,585.0
2.0,10.0,10.0,6.0,840.0,953.0,299.0
-1.0,10.0,28.0,3.0,625.0,741.0,354.0
-1.0,10.0,5.0,1.0,1120.0,1233.0,258.0
0.0,10.0,16.0,5.0,1543.0,1908.0,988.0
3.0,10.0,15.0,4.0,1450.0,1721.0,925.0
-3.0,10.0,19.0,1.0,1232.0,1402.0,849.0
-1.0,10.0,24.0,6.0,630.0,1230.0,1781.0
31.0,10.0,20.0,2.0,1722.0,2046.0,983.0
-1.0,10.0,4.0,7.0,827.0,859.0,457.0
-1.0,10.0,19.0,1.0,2147.0,2340.0,1616.0
1.0,10.0,22.0,4.0,2147.0,2340.0,1616.0
-1.0,10.0,22.0,4.0,1443.0,1556.0,408.0
0.0,10.0,23.0,5.0,1644.0,1750.0,327.0
0.0,10.0,18.0,7.0,1455.0,1647.0,585.0
-3.0,10.0,2.0,5.0,1722.0,1847.0,460.0
9.0,10.0,17.0,6.0,2006.0,2116.0,224.0
-1.0,10.0,18.0,7.0,1518.0,1605.0,189.0
6.0,10.0,18.0,7.0,1602.0,1809.0,235.0
-1.0,10.0,27.0,2.0,1716.0,2058.0,1171.0
-1.0,10.0,8.0,4.0,805.0,1155.0,1666.0
-5.0,10.0,11.0,7.0,1511.0,1535.0,45.0
0.0,10.0,26.0,1.0,853.0,1027.0,431.0
0.0,10.0,15.0,4.0,1103.0,1500.0,2165.0
5.0,10.0,13.0,2.0,1936.0,2011.0,49.0
2.0,10.0,1.0,4.0,2330.0,533.0,1745.0
1.0,10.0,12.0,1.0,954.0,1234.0,594.0
0.0,10.0,19.0,1.0,1300.0,1324.0,45.0
52.0,10.0,15.0,4.0,1945.0,2110.0,719.0
0.0,10.0,12.0,1.0,2140.0,7.0,1721.0
-2.0,10.0,8.0,4.0,2300.0,241.0,1597.0
-2.0,10.0,18.0,7.0,1309.0,1340.0,82.0
-3.0,10.0,25.0,7.0,1309.0,1340.0,82.0
8.0,10.0,2.0,5.0,2151.0,2229.0,552.0
2.0,10.0,16.0,5.0,1900.0,2051.0,987.0
0.0,10.0,23.0,5.0,1900.0,2051.0,987.0
0.0,10.0,5.0,1.0,1114.0,1209.0,183.0
1.0,10.0,24.0,6.0,1825.0,1923.0,183.0
0.0,10.0,24.0,6.0,814.0,1012.0,1118.0
1.0,10.0,25.0,7.0,456.0,744.0,645.0
2.0,10.0,17.0,6.0,1358.0,1412.0,316.0
-1.0,10.0,24.0,6.0,1641.0,1738.0,259.0
9.0,10.0,29.0,4.0,1315.0,1611.0,606.0
-1.0,10.0,25.0,7.0,1445.0,1633.0,588.0
14.0,10.0,2.0,5.0,1125.0,1315.0,1437.0
2.0,10.0,4.0,7.0,656.0,1004.0,936.0
3.0,10.0,30.0,5.0,1130.0,1310.0,1514.0
2.0,10.0,30.0,5.0,1312.0,1354.0,153.0
1.0,10.0,4.0,7.0,1956.0,2343.0,1192.0
-2.0,10.0,25.0,7.0,1320.0,1543.0,448.0
1.0,10.0,23.0,5.0,1509.0,1615.0,247.0
0.0,10.0,24.0,6.0,722.0,850.0,447.0
4.0,10.0,1.0,4.0,935.0,1145.0,1660.0
3.0,10.0,22.0,4.0,935.0,1145.0,1660.0
-1.0,10.0,7.0,3.0,2011.0,2105.0,175.0
0.0,10.0,9.0,5.0,2011.0,2105.0,175.0
23.0,10.0,4.0,7.0,700.0,855.0,1021.0
6.0,10.0,18.0,7.0,1550.0,1855.0,849.0
1.0,10.0,4.0,7.0,1559.0,1738.0,1431.0
10.0,10.0,22.0,4.0,710.0,1203.0,1232.0
1.0,10.0,20.0,2.0,2143.0,2319.0,1431.0
0.0,10.0,24.0,6.0,1509.0,1746.0,1302.0
1.0,10.0,12.0,1.0,650.0,907.0,412.0
3.0,10.0,14.0,3.0,1104.0,1125.0,813.0
-2.0,10.0,23.0,5.0,716.0,1241.0,1514.0
4.0,10.0,26.0,1.0,817.0,1249.0,1576.0
3.0,10.0,19.0,1.0,850.0,1146.0,719.0
1.0,10.0,18.0,7.0,724.0,845.0,383.0
0.0,10.0,30.0,5.0,835.0,1014.0,475.0
0.0,10.0,3.0,6.0,822.0,1001.0,583.0
2.0,10.0,21.0,3.0,1256.0,1634.0,1121.0
2.0,10.0,31.0,6.0,1256.0,1634.0,1121.0
-3.0,10.0,31.0,6.0,1828.0,2025.0,1118.0
-2.0,10.0,3.0,6.0,1721.0,1753.0,21.0
-1.0,10.0,24.0,6.0,1140.0,1248.0,327.0
-1.0,10.0,19.0,1.0,742.0,802.0,344.0
-3.0,10.0,24.0,6.0,1152.0,1242.0,612.0
3.0,10.0,22.0,4.0,1729.0,2023.0,719.0
5.0,10.0,7.0,3.0,1935.0,2104.0,464.0
2.0,10.0,4.0,7.0,1825.0,2056.0,1797.0
-1.0,10.0,18.0,7.0,1930.0,2021.0,177.0
-2.0,10.0,27.0,2.0,729.0,819.0,160.0
3.0,10.0,23.0,5.0,1005.0,1128.0,416.0
12.0,10.0,13.0,2.0,1209.0,1346.0,547.0
-1.0,10.0,21.0,3.0,905.0,1037.0,480.0
0.0,10.0,14.0,3.0,641.0,834.0,612.0
4.0,10.0,15.0,4.0,1430.0,1558.0,431.0
9.0,10.0,16.0,5.0,1430.0,1558.0,431.0
1.0,10.0,22.0,4.0,905.0,1050.0,625.0
-3.0,10.0,25.0,7.0,1115.0,1146.0,77.0
2.0,10.0,8.0,4.0,1005.0,1119.0,336.0
-1.0,10.0,9.0,5.0,755.0,940.0,587.0
-2.0,10.0,21.0,3.0,1333.0,1449.0,416.0
38.0,10.0,8.0,4.0,1200.0,1345.0,595.0
0.0,10.0,16.0,5.0,1430.0,1610.0,501.0
1.0,10.0,11.0,7.0,1318.0,1446.0,501.0
0.0,10.0,24.0,6.0,1520.0,1715.0,587.0
0.0,10.0,13.0,2.0,1257.0,1348.0,188.0
3.0,10.0,7.0,3.0,1308.0,1448.0,532.0
1.0,10.0,28.0,3.0,1734.0,1846.0,227.0
5.0,10.0,12.0,1.0,2040.0,2212.0,431.0
-1.0,10.0,3.0,6.0,1722.0,1849.0,459.0
7.0,10.0,17.0,6.0,1830.0,2012.0,534.0
-2.0,10.0,28.0,3.0,745.0,928.0,625.0
1.0,10.0,28.0,3.0,1317.0,1443.0,459.0
1.0,10.0,4.0,7.0,1730.0,1802.0,78.0
1.0,10.0,14.0,3.0,1920.0,2052.0,480.0
-3.0,10.0,17.0,6.0,1525.0,1619.0,188.0
1.0,10.0,26.0,1.0,1654.0,1848.0,612.0
-1.0,10.0,29.0,4.0,1920.0,2014.0,188.0
-1.0,10.0,2.0,5.0,1010.0,1123.0,328.0
0.0,10.0,7.0,3.0,1423.0,1552.0,459.0
0.0,10.0,11.0,7.0,1743.0,1851.0,362.0
0.0,10.0,29.0,4.0,630.0,734.0,297.0
4.0,10.0,13.0,2.0,1346.0,1459.0,342.0
0.0,10.0,30.0,5.0,1220.0,1334.0,444.0
0.0,10.0,3.0,6.0,825.0,944.0,418.0
5.0,10.0,9.0,5.0,1208.0,1329.0,404.0
-2.0,10.0,4.0,7.0,1700.0,1855.0,696.0
-2.0,10.0,12.0,1.0,1645.0,1758.0,342.0
0.0,10.0,20.0,2.0,1222.0,1314.0,189.0
0.0,10.0,17.0,6.0,855.0,1000.0,334.0
0.0,10.0,30.0,5.0,855.0,1000.0,334.0
51.0,10.0,1.0,4.0,1945.0,2103.0,418.0
0.0,10.0,17.0,6.0,1540.0,1653.0,342.0
4.0,10.0,23.0,5.0,2110.0,2228.0,372.0
10.0,10.0,7.0,3.0,650.0,812.0,418.0
13.0,10.0,16.0,5.0,1750.0,1909.0,372.0
23.0,10.0,14.0,3.0,2000.0,2037.0,67.0
8.0,10.0,14.0,3.0,800.0,911.0,337.0
20.0,10.0,2.0,5.0,1010.0,1116.0,297.0
3.0,10.0,6.0,2.0,1920.0,2035.0,371.0
0.0,10.0,11.0,7.0,2059.0,2244.0,564.0
26.0,10.0,11.0,7.0,1900.0,2016.0,363.0
59.0,10.0,23.0,5.0,2031.0,2142.0,363.0
35.0,10.0,16.0,5.0,1800.0,1916.0,337.0
0.0,10.0,21.0,3.0,1800.0,1916.0,337.0
8.0,10.0,11.0,7.0,1617.0,1735.0,446.0
0.0,10.0,10.0,6.0,1759.0,1908.0,337.0
0.0,10.0,21.0,3.0,624.0,740.0,337.0
0.0,10.0,28.0,3.0,1215.0,1330.0,337.0
51.0,10.0,4.0,7.0,1747.0,1905.0,326.0
13.0,10.0,29.0,4.0,1010.0,1133.0,371.0
0.0,10.0,3.0,6.0,841.0,1000.0,371.0
7.0,10.0,23.0,5.0,1530.0,1634.0,308.0
0.0,10.0,22.0,4.0,1600.0,1706.0,334.0
0.0,10.0,13.0,2.0,1018.0,1116.0,297.0
29.0,10.0,16.0,5.0,1811.0,1931.0,446.0
0.0,10.0,23.0,5.0,1300.0,1419.0,418.0
25.0,10.0,9.0,5.0,1430.0,1535.0,308.0
0.0,10.0,17.0,6.0,2200.0,2313.0,373.0
45.0,10.0,16.0,5.0,2000.0,2106.0,308.0
0.0,10.0,23.0,5.0,700.0,818.0,373.0
0.0,10.0,9.0,5.0,1040.0,1157.0,390.0
20.0,10.0,17.0,6.0,1040.0,1157.0,390.0
7.0,10.0,16.0,5.0,830.0,1113.0,978.0
42.0,10.0,11.0,7.0,1623.0,1758.0,543.0
72.0,10.0,20.0,2.0,1242.0,1401.0,372.0
59.0,10.0,25.0,7.0,2123.0,2225.0,334.0
0.0,10.0,8.0,4.0,644.0,1110.0,1448.0
0.0,10.0,26.0,1.0,847.0,1038.0,679.0
0.0,10.0,17.0,6.0,2100.0,2225.0,444.0
0.0,10.0,12.0,1.0,1955.0,2031.0,76.0
16.0,10.0,19.0,1.0,745.0,844.0,267.0
-1.0,10.0,15.0,4.0,1705.0,2040.0,1117.0
8.0,10.0,25.0,7.0,945.0,1130.0,2106.0
0.0,10.0,18.0,7.0,815.0,1145.0,1067.0
-1.0,10.0,12.0,1.0,730.0,800.0,70.0
1.0,10.0,31.0,6.0,1940.0,2100.0,499.0
3.0,10.0,3.0,6.0,1415.0,1557.0,2136.0
1.0,10.0,22.0,4.0,1315.0,2030.0,2136.0
2.0,10.0,10.0,6.0,959.0,1140.0,2136.0
3.0,10.0,7.0,3.0,900.0,1614.0,2136.0
2.0,10.0,27.0,2.0,900.0,1614.0,2136.0
21.0,10.0,7.0,3.0,1700.0,1748.0,210.0
12.0,10.0,23.0,5.0,1700.0,1748.0,210.0
23.0,10.0,10.0,6.0,2110.0,2159.0,205.0
-1.0,10.0,13.0,2.0,1735.0,2045.0,918.0
7.0,10.0,11.0,7.0,1145.0,1316.0,496.0
30.0,10.0,21.0,3.0,1140.0,1628.0,1302.0
-2.0,10.0,5.0,1.0,1220.0,1428.0,873.0
35.0,10.0,14.0,3.0,1800.0,1848.0,205.0
6.0,10.0,30.0,5.0,1200.0,1315.0,335.0
15.0,10.0,6.0,2.0,1555.0,1659.0,304.0
7.0,10.0,1.0,4.0,1410.0,1527.0,1813.0
21.0,10.0,2.0,5.0,1705.0,2036.0,1067.0
0.0,10.0,14.0,3.0,1705.0,2036.0,1067.0
8.0,10.0,26.0,1.0,800.0,851.0,186.0
0.0,10.0,24.0,6.0,2125.0,2242.0,406.0
1.0,10.0,10.0,6.0,1535.0,1911.0,1088.0
7.0,10.0,3.0,6.0,815.0,1148.0,1117.0
0.0,10.0,15.0,4.0,815.0,1148.0,1117.0
-1.0,10.0,9.0,5.0,1115.0,1314.0,328.0
-1.0,10.0,11.0,7.0,1115.0,1314.0,328.0
-1.0,10.0,26.0,1.0,1115.0,1314.0,328.0
1.0,10.0,26.0,1.0,1240.0,1527.0,773.0
4.0,10.0,19.0,1.0,1630.0,1739.0,330.0
19.0,10.0,7.0,3.0,1420.0,1643.0,966.0
-2.0,10.0,27.0,2.0,910.0,1310.0,1324.0
5.0,10.0,8.0,4.0,945.0,1048.0,773.0
9.0,10.0,29.0,4.0,945.0,1048.0,773.0
-1.0,10.0,28.0,3.0,2135.0,2234.0,279.0
-2.0,10.0,12.0,1.0,1310.0,1420.0,319.0
9.0,10.0,14.0,3.0,855.0,1010.0,370.0
-2.0,10.0,6.0,2.0,1130.0,1326.0,787.0
0.0,10.0,27.0,2.0,1130.0,1326.0,787.0
-2.0,10.0,22.0,4.0,700.0,749.0,210.0
0.0,10.0,6.0,2.0,2100.0,2231.0,563.0
25.0,10.0,21.0,3.0,2100.0,2231.0,563.0
14.0,10.0,27.0,2.0,1345.0,1857.0,1489.0
3.0,10.0,13.0,2.0,730.0,845.0,319.0
0.0,10.0,8.0,4.0,1520.0,1622.0,257.0
-2.0,10.0,14.0,3.0,920.0,1204.0,726.0
5.0,10.0,31.0,6.0,735.0,822.0,192.0
-2.0,10.0,19.0,1.0,900.0,1120.0,927.0
1.0,10.0,26.0,1.0,900.0,1120.0,927.0
0.0,10.0,20.0,2.0,1745.0,1827.0,192.0
20.0,10.0,7.0,3.0,1445.0,1522.0,139.0
-1.0,10.0,27.0,2.0,1630.0,1711.0,105.0
0.0,10.0,3.0,6.0,1600.0,1650.0,224.0
-2.0,10.0,31.0,6.0,645.0,935.0,678.0
81.0,10.0,1.0,4.0,1925.0,2110.0,563.0
4.0,10.0,3.0,6.0,1715.0,1801.0,183.0
2.0,10.0,17.0,6.0,1010.0,1114.0,292.0
3.0,10.0,30.0,5.0,1425.0,1534.0,370.0
1.0,10.0,7.0,3.0,700.0,755.0,659.0
0.0,10.0,25.0,7.0,1205.0,1329.0,496.0
-2.0,10.0,27.0,2.0,1205.0,1329.0,496.0
4.0,10.0,12.0,1.0,1515.0,1536.0,412.0
0.0,10.0,27.0,2.0,845.0,938.0,183.0
0.0,10.0,26.0,1.0,1405.0,1508.0,296.0
15.0,10.0,18.0,7.0,1500.0,1546.0,201.0
-2.0,10.0,17.0,6.0,720.0,845.0,399.0
2.0,10.0,4.0,7.0,1650.0,1752.0,279.0
2.0,10.0,24.0,6.0,1840.0,2058.0,861.0
6.0,10.0,20.0,2.0,2145.0,2222.0,139.0
40.0,10.0,25.0,7.0,1940.0,2104.0,496.0
0.0,10.0,30.0,5.0,650.0,741.0,198.0
14.0,10.0,6.0,2.0,1200.0,1336.0,555.0
0.0,10.0,3.0,6.0,1220.0,1252.0,100.0
-2.0,10.0,17.0,6.0,1220.0,1252.0,100.0
6.0,10.0,15.0,4.0,1225.0,1448.0,920.0
4.0,10.0,8.0,4.0,905.0,1145.0,1061.0
11.0,10.0,14.0,3.0,1710.0,1803.0,228.0
0.0,10.0,6.0,2.0,2010.0,2102.0,245.0
0.0,10.0,15.0,4.0,1815.0,2043.0,553.0
0.0,10.0,17.0,6.0,2010.0,2034.0,412.0
9.0,10.0,25.0,7.0,2010.0,2034.0,412.0
-2.0,10.0,6.0,2.0,645.0,743.0,282.0
52.0,10.0,19.0,1.0,800.0,850.0,210.0
0.0,10.0,13.0,2.0,2125.0,2227.0,259.0
7.0,10.0,22.0,4.0,1840.0,1925.0,186.0
0.0,10.0,26.0,1.0,1300.0,1422.0,340.0
1.0,10.0,11.0,7.0,700.0,755.0,246.0
0.0,10.0,26.0,1.0,700.0,825.0,478.0
2.0,10.0,27.0,2.0,1420.0,1518.0,256.0
9.0,10.0,18.0,7.0,1305.0,1406.0,313.0
0.0,10.0,26.0,1.0,1930.0,2036.0,382.0
25.0,10.0,21.0,3.0,1005.0,1114.0,280.0
5.0,10.0,24.0,6.0,1450.0,1545.0,253.0
6.0,10.0,3.0,6.0,840.0,950.0,335.0
6.0,10.0,30.0,5.0,700.0,807.0,319.0
19.0,10.0,25.0,7.0,1815.0,1932.0,399.0
0.0,10.0,5.0,1.0,835.0,1011.0,507.0
10.0,10.0,22.0,4.0,835.0,1011.0,507.0
0.0,10.0,4.0,7.0,955.0,1109.0,335.0
0.0,10.0,24.0,6.0,1140.0,1227.0,185.0
0.0,10.0,27.0,2.0,1145.0,1215.0,83.0
6.0,10.0,5.0,1.0,1845.0,2126.0,992.0
47.0,10.0,11.0,7.0,1820.0,1952.0,496.0
24.0,10.0,11.0,7.0,1300.0,1422.0,485.0
0.0,10.0,12.0,1.0,1520.0,1550.0,70.0
-1.0,10.0,10.0,6.0,1115.0,1400.0,678.0
0.0,10.0,6.0,2.0,750.0,900.0,308.0
12.0,10.0,26.0,1.0,1900.0,2020.0,396.0
1.0,10.0,20.0,2.0,1820.0,1924.0,304.0
25.0,10.0,1.0,4.0,1845.0,1949.0,264.0
-2.0,10.0,9.0,5.0,715.0,803.0,201.0
-1.0,10.0,11.0,7.0,715.0,803.0,201.0
24.0,10.0,28.0,3.0,2000.0,2106.0,325.0
0.0,10.0,6.0,2.0,700.0,738.0,144.0
45.0,10.0,19.0,1.0,1125.0,1226.0,319.0
10.0,10.0,15.0,4.0,1415.0,1701.0,678.0
20.0,10.0,11.0,7.0,2125.0,2241.0,454.0
6.0,10.0,15.0,4.0,1300.0,1426.0,496.0
0.0,10.0,31.0,6.0,1300.0,1426.0,496.0
15.0,10.0,12.0,1.0,2025.0,2137.0,382.0
2.0,10.0,24.0,6.0,2025.0,2137.0,382.0
-3.0,10.0,22.0,4.0,1915.0,2004.0,211.0
-1.0,10.0,31.0,6.0,1655.0,1740.0,211.0
5.0,10.0,25.0,7.0,1829.0,2043.0,412.0
0.0,10.0,26.0,1.0,1145.0,1256.0,401.0
-1.0,10.0,4.0,7.0,1255.0,1423.0,563.0
21.0,10.0,7.0,3.0,945.0,1040.0,270.0
4.0,10.0,26.0,1.0,945.0,1040.0,270.0
10.0,10.0,26.0,1.0,825.0,915.0,211.0
0.0,10.0,1.0,4.0,1930.0,2031.0,319.0
9.0,10.0,20.0,2.0,2035.0,2147.0,370.0
-2.0,10.0,27.0,2.0,1355.0,1441.0,183.0
14.0,10.0,4.0,7.0,1210.0,1440.0,587.0
0.0,10.0,10.0,6.0,845.0,931.0,185.0
9.0,10.0,21.0,3.0,845.0,931.0,185.0
7.0,10.0,12.0,1.0,1650.0,1810.0,478.0
8.0,10.0,22.0,4.0,1650.0,1810.0,478.0
16.0,10.0,9.0,5.0,1500.0,1613.0,399.0
-2.0,10.0,24.0,6.0,1500.0,1613.0,399.0
16.0,10.0,15.0,4.0,945.0,1029.0,164.0
1.0,10.0,3.0,6.0,1200.0,1330.0,526.0
2.0,10.0,29.0,4.0,1400.0,1446.0,208.0
3.0,10.0,3.0,6.0,1730.0,1751.0,412.0
0.0,10.0,15.0,4.0,1510.0,1548.0,134.0
15.0,10.0,11.0,7.0,1620.0,1717.0,264.0
-1.0,10.0,27.0,2.0,700.0,750.0,270.0
0.0,10.0,8.0,4.0,2135.0,2225.0,183.0
0.0,10.0,24.0,6.0,1120.0,1224.0,304.0
0.0,10.0,26.0,1.0,1310.0,1411.0,301.0
0.0,10.0,27.0,2.0,1310.0,1411.0,301.0
0.0,10.0,5.0,1.0,2030.0,2145.0,340.0
3.0,10.0,29.0,4.0,1010.0,1106.0,212.0
0.0,10.0,25.0,7.0,1340.0,1450.0,357.0
-3.0,10.0,4.0,7.0,1230.0,1406.0,507.0
0.0,10.0,3.0,6.0,1610.0,1711.0,313.0
17.0,10.0,21.0,3.0,1610.0,1711.0,313.0
2.0,10.0,10.0,6.0,1025.0,1103.0,139.0
16.0,10.0,28.0,3.0,1620.0,1711.0,192.0
0.0,10.0,19.0,1.0,1545.0,1628.0,175.0
0.0,10.0,26.0,1.0,1700.0,1802.0,298.0
-1.0,10.0,4.0,7.0,2145.0,2233.0,210.0
12.0,10.0,3.0,6.0,1300.0,1410.0,335.0
0.0,10.0,2.0,5.0,645.0,756.0,363.0
-3.0,10.0,7.0,3.0,1045.0,1124.0,175.0
0.0,10.0,5.0,1.0,1955.0,2150.0,658.0
22.0,10.0,20.0,2.0,1955.0,2150.0,658.0
0.0,10.0,13.0,2.0,1500.0,1539.0,144.0
-1.0,10.0,31.0,6.0,1600.0,1643.0,192.0
-3.0,10.0,29.0,4.0,1745.0,1848.0,310.0
2.0,10.0,15.0,4.0,2020.0,2057.0,109.0
20.0,10.0,3.0,6.0,1015.0,1133.0,363.0
15.0,10.0,6.0,2.0,1835.0,2053.0,1324.0
-3.0,10.0,17.0,6.0,910.0,1019.0,280.0
-1.0,10.0,26.0,1.0,1130.0,1231.0,296.0
0.0,10.0,23.0,5.0,1535.0,1627.0,270.0
0.0,10.0,27.0,2.0,1535.0,1627.0,270.0
0.0,10.0,8.0,4.0,1705.0,1756.0,211.0
-2.0,10.0,2.0,5.0,1925.0,2026.0,249.0
19.0,10.0,9.0,5.0,1720.0,1835.0,337.0
-2.0,10.0,2.0,5.0,2100.0,2215.0,370.0
0.0,10.0,8.0,4.0,800.0,852.0,251.0
-4.0,10.0,18.0,7.0,1040.0,1124.0,200.0
24.0,10.0,23.0,5.0,1510.0,1724.0,412.0
12.0,10.0,9.0,5.0,1925.0,2021.0,289.0
13.0,10.0,27.0,2.0,1400.0,1441.0,152.0
5.0,10.0,25.0,7.0,845.0,945.0,267.0
0.0,10.0,19.0,1.0,1830.0,1912.0,205.0
0.0,10.0,20.0,2.0,2135.0,2230.0,201.0
3.0,10.0,25.0,7.0,1215.0,1310.0,246.0
4.0,10.0,31.0,6.0,1705.0,1801.0,212.0
8.0,10.0,2.0,5.0,1630.0,1722.0,208.0
3.0,10.0,3.0,6.0,1410.0,1504.0,201.0
4.0,10.0,16.0,5.0,2125.0,2226.0,292.0
0.0,10.0,6.0,2.0,1525.0,1626.0,238.0
0.0,10.0,22.0,4.0,700.0,759.0,319.0
21.0,10.0,21.0,3.0,1840.0,1947.0,396.0
13.0,10.0,10.0,6.0,700.0,800.0,238.0
-1.0,10.0,5.0,1.0,1150.0,1254.0,292.0
31.0,10.0,18.0,7.0,1359.0,1459.0,258.0
6.0,10.0,29.0,4.0,845.0,955.0,319.0
0.0,10.0,13.0,2.0,2359.0,712.0,2136.0
2.0,10.0,5.0,1.0,2355.0,721.0,2254.0
3.0,10.0,16.0,5.0,710.0,749.0,144.0
7.0,10.0,30.0,5.0,835.0,926.0,210.0
-1.0,10.0,12.0,1.0,2040.0,2139.0,228.0
-1.0,10.0,19.0,1.0,830.0,1110.0,992.0
0.0,10.0,29.0,4.0,1245.0,1332.0,183.0
15.0,10.0,12.0,1.0,1410.0,1503.0,215.0
1.0,10.0,17.0,6.0,1915.0,2016.0,292.0
4.0,10.0,27.0,2.0,855.0,937.0,95.0
-1.0,10.0,22.0,4.0,2030.0,2150.0,404.0
1.0,10.0,10.0,6.0,2135.0,2216.0,105.0
-1.0,10.0,2.0,5.0,700.0,748.0,251.0
6.0,10.0,28.0,3.0,1530.0,1640.0,319.0
4.0,10.0,17.0,6.0,1510.0,1627.0,404.0
6.0,10.0,6.0,2.0,935.0,1036.0,296.0
1.0,10.0,10.0,6.0,935.0,1036.0,296.0
1.0,10.0,16.0,5.0,935.0,1036.0,296.0
-3.0,10.0,24.0,6.0,935.0,1044.0,335.0
7.0,10.0,28.0,3.0,935.0,1044.0,335.0
0.0,10.0,18.0,7.0,850.0,954.0,296.0
5.0,10.0,22.0,4.0,850.0,954.0,296.0
17.0,10.0,2.0,5.0,2125.0,2231.0,367.0
12.0,10.0,20.0,2.0,1810.0,1919.0,367.0
21.0,10.0,27.0,2.0,2000.0,2221.0,952.0
0.0,10.0,30.0,5.0,1415.0,1454.0,164.0
13.0,10.0,1.0,4.0,1225.0,1330.0,267.0
18.0,10.0,28.0,3.0,1040.0,1137.0,246.0
0.0,10.0,15.0,4.0,630.0,715.0,192.0
-1.0,10.0,14.0,3.0,2225.0,2329.0,292.0
0.0,10.0,16.0,5.0,1830.0,1954.0,477.0
3.0,10.0,27.0,2.0,1820.0,1930.0,357.0
3.0,10.0,11.0,7.0,1115.0,1225.0,366.0
-2.0,10.0,1.0,4.0,1340.0,1418.0,105.0
0.0,10.0,10.0,6.0,1340.0,1418.0,105.0
-1.0,10.0,11.0,7.0,1155.0,1259.0,357.0
7.0,10.0,7.0,3.0,1845.0,1919.0,109.0
40.0,10.0,8.0,4.0,1905.0,2039.0,111.0
25.0,10.0,21.0,3.0,1905.0,2039.0,111.0
0.0,10.0,21.0,3.0,1135.0,1246.0,396.0
1.0,10.0,28.0,3.0,2005.0,2103.0,282.0
-1.0,10.0,10.0,6.0,2035.0,2113.0,105.0
-1.0,10.0,10.0,6.0,1610.0,1735.0,496.0
4.0,10.0,25.0,7.0,645.0,756.0,280.0
0.0,10.0,31.0,6.0,1430.0,1524.0,215.0
0.0,10.0,15.0,4.0,1215.0,1320.0,399.0
50.0,10.0,5.0,1.0,1810.0,1920.0,399.0
0.0,10.0,12.0,1.0,1955.0,2100.0,399.0
0.0,10.0,1.0,4.0,1545.0,1710.0,549.0
0.0,10.0,20.0,2.0,1800.0,1925.0,539.0
0.0,10.0,20.0,2.0,710.0,850.0,627.0
0.0,10.0,5.0,1.0,1525.0,1705.0,627.0
-1.0,10.0,2.0,5.0,830.0,1111.0,680.0
28.0,10.0,29.0,4.0,1140.0,1220.0,183.0
28.0,10.0,18.0,7.0,740.0,840.0,680.0
-5.0,10.0,31.0,6.0,1620.0,1705.0,213.0
32.0,10.0,28.0,3.0,1305.0,1445.0,550.0
15.0,10.0,2.0,5.0,1105.0,1145.0,129.0
0.0,10.0,30.0,5.0,700.0,750.0,261.0
90.0,10.0,28.0,3.0,1555.0,1645.0,261.0
0.0,10.0,19.0,1.0,1425.0,1515.0,261.0
103.0,10.0,28.0,3.0,1425.0,1515.0,261.0
28.0,10.0,17.0,6.0,845.0,1035.0,679.0
0.0,10.0,3.0,6.0,800.0,950.0,679.0
13.0,10.0,27.0,2.0,800.0,950.0,679.0
2.0,10.0,7.0,3.0,1135.0,1405.0,937.0
0.0,10.0,27.0,2.0,1050.0,1310.0,846.0
0.0,10.0,17.0,6.0,1335.0,1416.0,129.0
0.0,10.0,20.0,2.0,1635.0,1716.0,129.0
0.0,10.0,1.0,4.0,1430.0,1620.0,679.0
11.0,10.0,5.0,1.0,1430.0,1620.0,679.0
0.0,10.0,16.0,5.0,1630.0,1850.0,846.0
0.0,10.0,1.0,4.0,810.0,905.0,224.0
5.0,10.0,8.0,4.0,1105.0,1200.0,224.0
0.0,10.0,22.0,4.0,725.0,1000.0,1050.0
0.0,10.0,27.0,2.0,1050.0,1315.0,956.0
0.0,10.0,7.0,3.0,1420.0,1525.0,325.0
0.0,10.0,16.0,5.0,2050.0,2125.0,110.0
3.0,10.0,31.0,6.0,1230.0,1310.0,129.0
0.0,10.0,10.0,6.0,1105.0,1145.0,109.0
8.0,10.0,13.0,2.0,1330.0,1540.0,834.0
0.0,10.0,6.0,2.0,1740.0,1815.0,129.0
10.0,10.0,10.0,6.0,1110.0,1320.0,859.0
120.0,10.0,7.0,3.0,840.0,950.0,325.0
12.0,10.0,10.0,6.0,840.0,950.0,325.0
65.0,10.0,9.0,5.0,1300.0,1415.0,354.0
-2.0,10.0,21.0,3.0,100.0,440.0,3801.0
0.0,10.0,16.0,5.0,2100.0,2310.0,2399.0
0.0,10.0,5.0,1.0,825.0,1635.0,2454.0
15.0,10.0,19.0,1.0,2245.0,650.0,2454.0
5.0,10.0,14.0,3.0,1830.0,2130.0,3353.0
0.0,10.0,18.0,7.0,910.0,1140.0,2556.0
2.0,10.0,13.0,2.0,1035.0,1356.0,849.0
1.0,10.0,1.0,4.0,1750.0,2100.0,849.0
10.0,10.0,30.0,5.0,1920.0,2227.0,849.0
-1.0,10.0,25.0,7.0,115.0,620.0,1379.0
13.0,10.0,3.0,6.0,1800.0,2112.0,900.0
25.0,10.0,14.0,3.0,850.0,1015.0,900.0
2.0,10.0,17.0,6.0,1240.0,1408.0,964.0
18.0,10.0,18.0,7.0,1755.0,1944.0,1514.0
11.0,10.0,2.0,5.0,1325.0,1626.0,787.0
-1.0,10.0,26.0,1.0,735.0,1235.0,1334.0
2.0,10.0,1.0,4.0,650.0,1000.0,840.0
0.0,10.0,22.0,4.0,1810.0,1931.0,853.0
3.0,10.0,17.0,6.0,115.0,617.0,1379.0
-1.0,10.0,1.0,4.0,1505.0,1707.0,1635.0
0.0,10.0,4.0,7.0,1720.0,1819.0,191.0
1.0,10.0,8.0,4.0,1355.0,1429.0,67.0
-1.0,10.0,11.0,7.0,1335.0,1513.0,542.0
0.0,10.0,7.0,3.0,1415.0,1645.0,1400.0
3.0,10.0,24.0,6.0,1155.0,1430.0,1416.0
37.0,10.0,1.0,4.0,1845.0,2300.0,1416.0
7.0,10.0,5.0,1.0,1220.0,1756.0,1635.0
0.0,10.0,23.0,5.0,935.0,1033.0,191.0
2.0,10.0,3.0,6.0,725.0,1227.0,1379.0
0.0,10.0,27.0,2.0,705.0,814.0,265.0
0.0,10.0,31.0,6.0,1715.0,1900.0,404.0
0.0,10.0,20.0,2.0,2040.0,2204.0,247.0
0.0,10.0,14.0,3.0,1520.0,1640.0,288.0
12.0,10.0,20.0,2.0,1945.0,2218.0,858.0
0.0,10.0,25.0,7.0,1225.0,1332.0,247.0
0.0,10.0,12.0,1.0,1525.0,1649.0,383.0
0.0,10.0,20.0,2.0,2050.0,2224.0,413.0
0.0,10.0,16.0,5.0,1225.0,1343.0,383.0
1.0,10.0,13.0,2.0,1420.0,1608.0,954.0
20.0,10.0,18.0,7.0,1640.0,1758.0,303.0
10.0,10.0,28.0,3.0,1640.0,1758.0,303.0
0.0,10.0,23.0,5.0,1820.0,2008.0,631.0
0.0,10.0,12.0,1.0,1840.0,1958.0,303.0
0.0,10.0,31.0,6.0,1420.0,1701.0,550.0
0.0,10.0,20.0,2.0,1520.0,1640.0,247.0
9.0,10.0,14.0,3.0,2040.0,2205.0,265.0
71.0,10.0,22.0,4.0,720.0,942.0,858.0
0.0,10.0,14.0,3.0,905.0,1123.0,758.0
0.0,10.0,27.0,2.0,1055.0,1209.0,303.0
65.0,10.0,21.0,3.0,2110.0,2230.0,418.0
0.0,10.0,7.0,3.0,1200.0,1358.0,563.0
0.0,10.0,14.0,3.0,745.0,907.0,404.0
0.0,10.0,13.0,2.0,1000.0,1104.0,199.0
0.0,10.0,28.0,3.0,1000.0,1104.0,199.0
0.0,10.0,14.0,3.0,645.0,758.0,200.0
15.0,10.0,22.0,4.0,1830.0,1942.0,200.0
0.0,10.0,9.0,5.0,1930.0,2042.0,200.0
0.0,10.0,21.0,3.0,1525.0,1750.0,428.0
0.0,10.0,13.0,2.0,1825.0,1845.0,428.0
1.0,10.0,19.0,1.0,1825.0,1845.0,428.0
0.0,10.0,11.0,7.0,905.0,1233.0,1019.0
-2.0,10.0,7.0,3.0,1100.0,1254.0,643.0
4.0,10.0,3.0,6.0,1530.0,2035.0,1379.0
9.0,10.0,29.0,4.0,1200.0,1316.0,340.0
-1.0,10.0,2.0,5.0,1100.0,1126.0,501.0
-4.0,10.0,11.0,7.0,1100.0,1126.0,501.0
6.0,10.0,10.0,6.0,1720.0,2233.0,1379.0
1.0,10.0,21.0,3.0,930.0,1240.0,864.0
5.0,10.0,1.0,4.0,1315.0,1625.0,864.0
0.0,10.0,24.0,6.0,1500.0,1613.0,1303.0
0.0,10.0,23.0,5.0,1115.0,1345.0,1766.0
1.0,10.0,24.0,6.0,1155.0,1322.0,381.0
-2.0,10.0,28.0,3.0,1900.0,2201.0,645.0
4.0,10.0,8.0,4.0,645.0,958.0,838.0
0.0,10.0,22.0,4.0,1425.0,1640.0,1631.0
0.0,10.0,28.0,3.0,2035.0,2204.0,840.0
-2.0,10.0,22.0,4.0,1215.0,1352.0,937.0
1.0,10.0,23.0,5.0,1750.0,2112.0,937.0
0.0,10.0,13.0,2.0,1745.0,2007.0,858.0
0.0,10.0,17.0,6.0,715.0,820.0,288.0
0.0,10.0,29.0,4.0,1120.0,1424.0,787.0
0.0,10.0,19.0,1.0,1715.0,1827.0,316.0
0.0,10.0,1.0,4.0,2025.0,2137.0,305.0
-1.0,10.0,8.0,4.0,740.0,722.0,98.0
0.0,10.0,25.0,7.0,2025.0,2157.0,427.0
0.0,10.0,14.0,3.0,820.0,1038.0,895.0
0.0,10.0,16.0,5.0,1110.0,1153.0,80.0
8.0,10.0,24.0,6.0,1200.0,1346.0,1019.0
0.0,10.0,13.0,2.0,700.0,754.0,693.0
0.0,10.0,6.0,2.0,1200.0,1250.0,192.0
0.0,10.0,22.0,4.0,845.0,1004.0,340.0
0.0,10.0,20.0,2.0,835.0,1153.0,853.0
0.0,10.0,13.0,2.0,1955.0,2225.0,1400.0
17.0,10.0,10.0,6.0,1520.0,1639.0,340.0
11.0,10.0,21.0,3.0,1325.0,1646.0,908.0
15.0,10.0,7.0,3.0,1050.0,1436.0,989.0
0.0,10.0,12.0,1.0,900.0,1026.0,381.0
-60.0,10.0,26.0,1.0,740.0,814.0,989.0
0.0,10.0,18.0,7.0,1145.0,1521.0,1167.0
-2.0,10.0,21.0,3.0,1145.0,1521.0,1167.0
0.0,10.0,5.0,1.0,830.0,1100.0,1167.0
10.0,10.0,16.0,5.0,2145.0,26.0,544.0
-2.0,10.0,21.0,3.0,1400.0,1450.0,200.0
-3.0,10.0,5.0,1.0,915.0,1237.0,956.0
0.0,10.0,29.0,4.0,1825.0,1939.0,395.0
16.0,10.0,31.0,6.0,1650.0,1850.0,1235.0
0.0,10.0,8.0,4.0,655.0,755.0,161.0
0.0,10.0,6.0,2.0,730.0,1030.0,719.0
0.0,10.0,18.0,7.0,740.0,853.0,200.0
0.0,10.0,22.0,4.0,835.0,948.0,200.0
0.0,10.0,11.0,7.0,1130.0,1423.0,719.0
0.0,10.0,10.0,6.0,1430.0,1548.0,719.0
0.0,10.0,16.0,5.0,1840.0,1956.0,200.0
0.0,10.0,25.0,7.0,2105.0,2222.0,284.0
29.0,10.0,22.0,4.0,1730.0,2023.0,719.0
0.0,10.0,23.0,5.0,1930.0,2223.0,719.0
0.0,10.0,4.0,7.0,1130.0,1246.0,282.0
0.0,10.0,8.0,4.0,1315.0,1416.0,160.0
0.0,10.0,19.0,1.0,825.0,1121.0,1034.0
0.0,10.0,21.0,3.0,1840.0,1940.0,115.0
12.0,10.0,17.0,6.0,1140.0,1239.0,160.0
0.0,10.0,26.0,1.0,1310.0,1533.0,938.0
0.0,10.0,16.0,5.0,1300.0,1532.0,1034.0
0.0,10.0,5.0,1.0,835.0,1129.0,1024.0
7.0,10.0,5.0,1.0,1610.0,1726.0,282.0
0.0,10.0,11.0,7.0,1610.0,1726.0,282.0
0.0,10.0,24.0,6.0,1120.0,1241.0,416.0
3.0,10.0,9.0,5.0,1605.0,1812.0,1208.0
0.0,10.0,23.0,5.0,1605.0,1812.0,1208.0
0.0,10.0,25.0,7.0,1535.0,1800.0,938.0
0.0,10.0,8.0,4.0,1840.0,2125.0,644.0
0.0,10.0,10.0,6.0,1515.0,1802.0,1065.0
110.0,10.0,17.0,6.0,1140.0,1240.0,161.0
25.0,10.0,23.0,5.0,2210.0,2330.0,284.0
0.0,10.0,1.0,4.0,945.0,1051.0,194.0
0.0,10.0,15.0,4.0,750.0,904.0,319.0
0.0,10.0,6.0,2.0,845.0,959.0,319.0
0.0,10.0,30.0,5.0,845.0,959.0,319.0
0.0,10.0,7.0,3.0,1035.0,1218.0,462.0
0.0,10.0,25.0,7.0,1140.0,1236.0,115.0
0.0,10.0,8.0,4.0,1325.0,1438.0,284.0
0.0,10.0,23.0,5.0,1500.0,1653.0,487.0
-2.0,10.0,29.0,4.0,2035.0,2124.0,667.0
0.0,10.0,4.0,7.0,1850.0,2002.0,161.0
0.0,10.0,19.0,1.0,945.0,1041.0,115.0
20.0,10.0,23.0,5.0,1715.0,1908.0,487.0
0.0,10.0,2.0,5.0,1530.0,1637.0,160.0
0.0,10.0,9.0,5.0,30.0,602.0,1617.0
0.0,10.0,14.0,3.0,2005.0,2324.0,956.0
800.0,10.0,17.0,6.0,800.0,1332.0,1617.0
0.0,10.0,8.0,4.0,900.0,1222.0,937.0
0.0,10.0,19.0,1.0,1830.0,1938.0,796.0
-2.0,10.0,2.0,5.0,625.0,719.0,224.0
0.0,10.0,25.0,7.0,805.0,1110.0,787.0
15.0,10.0,9.0,5.0,1755.0,1926.0,956.0
0.0,10.0,12.0,1.0,1620.0,1700.0,544.0
0.0,10.0,7.0,3.0,1510.0,1601.0,143.0
39.0,10.0,29.0,4.0,1825.0,2055.0,1400.0
0.0,10.0,28.0,3.0,615.0,812.0,1617.0
-4.0,10.0,2.0,5.0,1150.0,1244.0,224.0
38.0,10.0,19.0,1.0,1730.0,1935.0,1190.0
0.0,10.0,10.0,6.0,2020.0,2137.0,1303.0
0.0,10.0,23.0,5.0,1840.0,2231.0,1190.0
10.0,10.0,29.0,4.0,1950.0,2158.0,1617.0
0.0,10.0,18.0,7.0,1345.0,1618.0,487.0
-1.0,10.0,24.0,6.0,700.0,1316.0,1911.0
76.0,10.0,16.0,5.0,1230.0,1351.0,1390.0
1.0,10.0,4.0,7.0,1840.0,2356.0,1390.0
68.0,10.0,21.0,3.0,1840.0,2356.0,1390.0
0.0,10.0,9.0,5.0,1750.0,1905.0,303.0
9.0,10.0,10.0,6.0,1500.0,1815.0,891.0
18.0,10.0,9.0,5.0,1900.0,2242.0,1117.0
-2.0,10.0,21.0,3.0,1115.0,1318.0,1635.0
-3.0,10.0,18.0,7.0,930.0,1143.0,1609.0
2.0,10.0,29.0,4.0,2025.0,2150.0,1334.0
-2.0,10.0,25.0,7.0,800.0,909.0,674.0
25.0,10.0,8.0,4.0,935.0,1132.0,1671.0
-4.0,10.0,7.0,3.0,1910.0,1940.0,526.0
0.0,10.0,8.0,4.0,1755.0,1847.0,187.0
0.0,10.0,13.0,2.0,650.0,805.0,303.0
0.0,10.0,9.0,5.0,1025.0,1133.0,305.0
0.0,10.0,5.0,1.0,845.0,1108.0,1367.0
-1.0,10.0,3.0,6.0,735.0,925.0,283.0
0.0,10.0,28.0,3.0,1700.0,1735.0,129.0
-3.0,10.0,10.0,6.0,1630.0,1705.0,129.0
-5.0,10.0,25.0,7.0,1715.0,1750.0,129.0
1.0,10.0,20.0,2.0,2358.0,33.0,129.0
0.0,10.0,21.0,3.0,1135.0,1249.0,395.0
-3.0,10.0,28.0,3.0,1845.0,1945.0,316.0
-24.0,10.0,31.0,6.0,2300.0,2330.0,21.0
0.0,10.0,13.0,2.0,810.0,1026.0,925.0
3.0,10.0,22.0,4.0,810.0,1026.0,925.0
10.0,10.0,25.0,7.0,1210.0,1357.0,523.0
0.0,10.0,28.0,3.0,1055.0,1132.0,549.0
0.0,10.0,28.0,3.0,935.0,1045.0,744.0
2.0,10.0,13.0,2.0,1840.0,2208.0,965.0
0.0,10.0,15.0,4.0,1720.0,1832.0,744.0
5.0,10.0,11.0,7.0,1235.0,1422.0,1091.0
14.0,10.0,14.0,3.0,1235.0,1422.0,1091.0
63.0,10.0,7.0,3.0,2015.0,2158.0,542.0
0.0,10.0,20.0,2.0,2015.0,2158.0,542.0
0.0,10.0,12.0,1.0,1300.0,1430.0,489.0
4.0,10.0,14.0,3.0,1300.0,1430.0,489.0
0.0,10.0,1.0,4.0,820.0,1244.0,1009.0
-2.0,10.0,10.0,6.0,820.0,1244.0,1009.0
-1.0,10.0,1.0,4.0,1235.0,1419.0,1076.0
0.0,10.0,7.0,3.0,1250.0,1750.0,1334.0
11.0,10.0,28.0,3.0,1505.0,1622.0,1222.0
0.0,10.0,2.0,5.0,635.0,719.0,143.0
0.0,10.0,12.0,1.0,635.0,719.0,143.0
-2.0,10.0,13.0,2.0,1455.0,1715.0,925.0
0.0,10.0,29.0,4.0,1455.0,1715.0,925.0
0.0,10.0,19.0,1.0,905.0,1119.0,1684.0
0.0,10.0,14.0,3.0,1745.0,1948.0,1569.0
15.0,10.0,8.0,4.0,1535.0,1635.0,200.0
38.0,10.0,19.0,1.0,1535.0,1635.0,200.0
10.0,10.0,13.0,2.0,1900.0,2140.0,628.0
59.0,10.0,4.0,7.0,1910.0,2153.0,1034.0
0.0,10.0,31.0,6.0,1200.0,1252.0,191.0
0.0,10.0,7.0,3.0,740.0,811.0,496.0
0.0,10.0,23.0,5.0,740.0,811.0,496.0
-1.0,10.0,30.0,5.0,1210.0,1353.0,590.0
-1.0,10.0,24.0,6.0,1025.0,1305.0,544.0
3.0,10.0,5.0,1.0,700.0,939.0,616.0
-3.0,10.0,12.0,1.0,855.0,1058.0,642.0
0.0,10.0,29.0,4.0,1900.0,2222.0,794.0
-1.0,10.0,15.0,4.0,1240.0,1334.0,693.0
0.0,10.0,7.0,3.0,805.0,1100.0,693.0
-1.0,10.0,28.0,3.0,1315.0,1754.0,1080.0
11.0,10.0,1.0,4.0,845.0,937.0,616.0
0.0,10.0,11.0,7.0,700.0,805.0,794.0
-1.0,10.0,30.0,5.0,720.0,810.0,638.0
-1.0,10.0,30.0,5.0,2220.0,612.0,2227.0
5.0,10.0,2.0,5.0,1340.0,1449.0,224.0
-1.0,10.0,12.0,1.0,1155.0,1255.0,316.0
-1.0,10.0,12.0,1.0,730.0,845.0,308.0
23.0,10.0,7.0,3.0,1025.0,1516.0,1211.0
0.0,10.0,9.0,5.0,725.0,910.0,569.0
0.0,10.0,28.0,3.0,710.0,809.0,192.0
-1.0,10.0,28.0,3.0,1230.0,1353.0,308.0
0.0,10.0,6.0,2.0,1330.0,1445.0,308.0
-1.0,10.0,1.0,4.0,1630.0,1753.0,308.0
32.0,10.0,31.0,6.0,1730.0,1853.0,308.0
-2.0,10.0,22.0,4.0,1730.0,1845.0,308.0
0.0,10.0,17.0,6.0,745.0,1344.0,1671.0
0.0,10.0,9.0,5.0,1415.0,1710.0,674.0
-3.0,10.0,16.0,5.0,2045.0,2355.0,840.0
0.0,10.0,24.0,6.0,825.0,935.0,310.0
-1.0,10.0,7.0,3.0,700.0,818.0,310.0
0.0,10.0,7.0,3.0,1425.0,1543.0,310.0
11.0,10.0,15.0,4.0,1040.0,1642.0,1684.0
2.0,10.0,16.0,5.0,2030.0,2212.0,937.0
215.0,10.0,18.0,7.0,1540.0,2033.0,1213.0
-1.0,10.0,12.0,1.0,1345.0,1459.0,381.0
15.0,10.0,10.0,6.0,1225.0,1347.0,793.0
0.0,10.0,22.0,4.0,620.0,939.0,956.0
20.0,10.0,11.0,7.0,645.0,722.0,105.0
12.0,10.0,11.0,7.0,1435.0,1609.0,956.0
-2.0,10.0,27.0,2.0,1910.0,2225.0,781.0
19.0,10.0,18.0,7.0,1200.0,1249.0,201.0
0.0,10.0,15.0,4.0,1735.0,1933.0,1019.0
-2.0,10.0,11.0,7.0,1635.0,1656.0,428.0
37.0,10.0,20.0,2.0,1205.0,1327.0,806.0
-1.0,10.0,11.0,7.0,1400.0,1443.0,122.0
-1.0,10.0,19.0,1.0,1045.0,1405.0,908.0
0.0,10.0,13.0,2.0,1735.0,2006.0,358.0
-1.0,10.0,14.0,3.0,1925.0,2047.0,864.0
0.0,10.0,10.0,6.0,1255.0,1346.0,616.0
0.0,10.0,29.0,4.0,2035.0,2140.0,231.0
0.0,10.0,28.0,3.0,1320.0,1602.0,549.0
0.0,10.0,4.0,7.0,1140.0,1444.0,793.0
0.0,10.0,8.0,4.0,1525.0,1814.0,628.0
0.0,10.0,15.0,4.0,1525.0,1814.0,628.0
0.0,10.0,5.0,1.0,740.0,813.0,67.0
0.0,10.0,28.0,3.0,855.0,1126.0,358.0
-3.0,10.0,31.0,6.0,1305.0,1412.0,429.0
0.0,10.0,5.0,1.0,1535.0,1814.0,616.0
0.0,10.0,8.0,4.0,800.0,941.0,642.0
-2.0,10.0,5.0,1.0,1035.0,1337.0,705.0
-2.0,10.0,11.0,7.0,1740.0,1918.0,898.0
10.0,10.0,26.0,1.0,1040.0,1320.0,526.0
0.0,10.0,26.0,1.0,1515.0,1628.0,781.0
0.0,10.0,4.0,7.0,1855.0,2135.0,526.0
2.0,10.0,13.0,2.0,1925.0,2006.0,80.0
3.0,10.0,18.0,7.0,1925.0,2006.0,80.0
25.0,10.0,10.0,6.0,905.0,1005.0,200.0
0.0,10.0,3.0,6.0,1320.0,1347.0,484.0
0.0,10.0,10.0,6.0,1635.0,1815.0,556.0
0.0,10.0,29.0,4.0,725.0,814.0,1080.0
0.0,10.0,1.0,4.0,1750.0,1913.0,763.0
1.0,10.0,8.0,4.0,1900.0,1948.0,200.0
-1.0,10.0,15.0,4.0,1900.0,1948.0,200.0
0.0,10.0,8.0,4.0,1920.0,2156.0,435.0
9.0,10.0,1.0,4.0,800.0,1111.0,781.0
10.0,10.0,9.0,5.0,800.0,1111.0,781.0
0.0,10.0,10.0,6.0,1000.0,1058.0,276.0
0.0,10.0,4.0,7.0,1915.0,1954.0,114.0
5.0,10.0,11.0,7.0,1045.0,1356.0,781.0
0.0,10.0,3.0,6.0,1510.0,1812.0,793.0
15.0,10.0,3.0,6.0,830.0,948.0,381.0
0.0,10.0,10.0,6.0,705.0,730.0,24.0
0.0,10.0,18.0,7.0,1405.0,1425.0,24.0
0.0,10.0,2.0,5.0,1105.0,1225.0,403.0
0.0,10.0,29.0,4.0,1105.0,1225.0,403.0
10.0,10.0,5.0,1.0,2028.0,2123.0,731.0
20.0,10.0,9.0,5.0,2022.0,2110.0,192.0
0.0,10.0,8.0,4.0,1208.0,1330.0,1946.0
0.0,10.0,27.0,2.0,1525.0,1655.0,545.0
0.0,10.0,24.0,6.0,1015.0,1229.0,761.0
6.0,10.0,20.0,2.0,820.0,1052.0,946.0
0.0,10.0,3.0,6.0,1234.0,1515.0,1121.0
24.0,10.0,16.0,5.0,2025.0,2140.0,403.0
14.0,10.0,28.0,3.0,1205.0,1915.0,2139.0
0.0,10.0,25.0,7.0,848.0,1010.0,1946.0
0.0,10.0,26.0,1.0,650.0,737.0,178.0
0.0,10.0,25.0,7.0,825.0,1103.0,1121.0
6.0,10.0,21.0,3.0,2042.0,2125.0,606.0
5.0,10.0,27.0,2.0,1000.0,1552.0,1929.0
0.0,10.0,16.0,5.0,1510.0,2206.0,1946.0
0.0,10.0,1.0,4.0,855.0,1050.0,665.0
0.0,10.0,6.0,2.0,855.0,1050.0,665.0
0.0,10.0,14.0,3.0,2214.0,2335.0,1946.0
9.0,10.0,27.0,2.0,1148.0,1310.0,1465.0
0.0,10.0,3.0,6.0,925.0,1203.0,1068.0
0.0,10.0,13.0,2.0,1425.0,1545.0,403.0
0.0,10.0,12.0,1.0,1800.0,1920.0,403.0
0.0,10.0,3.0,6.0,2105.0,2238.0,545.0
0.0,10.0,2.0,5.0,1610.0,1751.0,594.0
0.0,10.0,30.0,5.0,1332.0,1430.0,259.0
0.0,10.0,26.0,1.0,1610.0,1657.0,178.0
6.0,10.0,10.0,6.0,1314.0,1430.0,447.0
20.0,10.0,17.0,6.0,1415.0,1917.0,1465.0
19.0,10.0,23.0,5.0,1415.0,1917.0,1465.0
5.0,10.0,2.0,5.0,1314.0,1607.0,731.0
8.0,10.0,24.0,6.0,800.0,1225.0,1056.0
0.0,10.0,22.0,4.0,1925.0,2120.0,665.0
11.0,10.0,27.0,2.0,1505.0,1540.0,1056.0
0.0,10.0,30.0,5.0,600.0,628.0,83.0
12.0,10.0,21.0,3.0,1324.0,1511.0,665.0
7.0,10.0,8.0,4.0,920.0,946.0,70.0
0.0,10.0,18.0,7.0,920.0,946.0,70.0
10.0,10.0,12.0,1.0,1010.0,1112.0,303.0
0.0,10.0,18.0,7.0,1010.0,1112.0,303.0
28.0,10.0,21.0,3.0,1010.0,1112.0,303.0
6.0,10.0,7.0,3.0,810.0,1028.0,983.0
0.0,10.0,16.0,5.0,1103.0,1128.0,21.0
0.0,10.0,30.0,5.0,1103.0,1128.0,21.0
7.0,10.0,28.0,3.0,1655.0,1749.0,237.0
0.0,10.0,26.0,1.0,1840.0,1935.0,259.0
0.0,10.0,6.0,2.0,1705.0,2025.0,987.0
0.0,10.0,3.0,6.0,700.0,736.0,133.0
5.0,10.0,10.0,6.0,1135.0,1643.0,1449.0
0.0,10.0,24.0,6.0,830.0,928.0,270.0
0.0,10.0,6.0,2.0,700.0,818.0,413.0
0.0,10.0,24.0,6.0,1420.0,1509.0,201.0
0.0,10.0,30.0,5.0,1230.0,1924.0,1891.0
6.0,10.0,3.0,6.0,1200.0,1424.0,508.0
0.0,10.0,4.0,7.0,1200.0,1424.0,508.0
0.0,10.0,7.0,3.0,1200.0,1424.0,508.0
14.0,10.0,29.0,4.0,1210.0,1233.0,84.0
0.0,10.0,2.0,5.0,1805.0,1844.0,193.0
0.0,10.0,5.0,1.0,1255.0,1640.0,1182.0
0.0,10.0,31.0,6.0,2020.0,2111.0,215.0
